<?xml version="1.0" encoding="utf-8" ?>
<Buildings>

  <ThingDef Name="BuildingBase" Abstract="True">
    <category>Building</category>
    <thingClass>Building</thingClass>
    <soundImpactDefault>BulletImpactMetal</soundImpactDefault>
    <selectable>true</selectable>
    <drawerType>MapMeshAndRealTime</drawerType>
    <terrainAffordanceNeeded>Light</terrainAffordanceNeeded>
    <repairEffect>Repair</repairEffect>
    <leaveResourcesWhenKilled>false</leaveResourcesWhenKilled>
    <filthLeaving>BuildingRubble</filthLeaving>
  </ThingDef>

  <ThingDef ParentName="BuildingBase">
    <defName>RoofBomb</defName>
    <label>roof bomb</label>
    <thingClass>RoofBomb.Building_RoofBomb</thingClass>
    <graphicData>
      <texPath>Things/Building/ShapedCharge</texPath>
      <graphicClass>Graphic_Single</graphicClass>
    </graphicData>
    <altitudeLayer>Building</altitudeLayer>
    <passability>PassThroughOnly</passability>
    <statBases>
      <MaxHitPoints>50</MaxHitPoints>
      <WorkToMake>500</WorkToMake>
      <Flammability>1.0</Flammability>
    </statBases>
    <tickerType>Normal</tickerType>
    <description>An explosive which destroys roofs directly above it.</description>
    <comps>
      <li Class="CompProperties_Explosive">
        <explosiveRadius>1.9</explosiveRadius>
        <explosiveDamageType>Bomb</explosiveDamageType>
      </li>
    </comps>
    <size>(1,1)</size>
    <costList>
      <Steel>100</Steel>
      <Component>1</Component>
    </costList>
    <terrainAffordanceNeeded>Light</terrainAffordanceNeeded>
    <designationCategory>Misc</designationCategory>
    <researchPrerequisites>
      <li>ShapedCharges</li>
    </researchPrerequisites>
  </ThingDef>

</Buildings>